{"cameraMode":{"drawMode":0,"name":"Shaded","section":"Shading Mode"},"sceneLighting":true,"audioPlay":false,"sceneViewState":{"m_AlwaysRefresh":false,"showFog":true,"showSkybox":true,"showFlares":true,"showImageEffects":true,"showParticleSystems":true,"showVisualEffectGraphs":true,"m_FxEnabled":true},"in2DMode":false,"pivot":{"x":-1.2753506898880005,"y":2.2373228073120119,"z":4.711008071899414},"rotation":{"x":-0.03179977834224701,"y":0.015588706359267235,"z":-0.0004955515614710748,"w":-0.9993717670440674},"size":12.372103691101075,"orthographic":false}