{"cameraMode":{"drawMode":0,"name":"Shaded","section":"Shading Mode"},"sceneLighting":true,"audioPlay":false,"sceneViewState":{"m_AlwaysRefresh":false,"showFog":true,"showSkybox":true,"showFlares":true,"showImageEffects":true,"showParticleSystems":true,"showVisualEffectGraphs":true,"m_FxEnabled":true},"in2DMode":false,"pivot":{"x":-1.978630542755127,"y":1.8538559675216675,"z":-11.819435119628907},"rotation":{"x":-0.027294106781482698,"y":0.029081711545586587,"z":-0.000793861981946975,"w":-0.9992020130157471},"size":12.372103691101075,"orthographic":false}