{"cameraMode":{"drawMode":0,"name":"Shaded","section":"Shading Mode"},"sceneLighting":true,"audioPlay":false,"sceneViewState":{"m_AlwaysRefresh":false,"showFog":true,"showSkybox":true,"showFlares":true,"showImageEffects":true,"showParticleSystems":true,"showVisualEffectGraphs":true,"m_FxEnabled":true},"in2DMode":false,"pivot":{"x":2.4210920333862306,"y":6.231603145599365,"z":-1.7106964588165284},"rotation":{"x":-0.20427343249320985,"y":0.028480101376771928,"z":-0.005944742821156979,"w":-0.9784821271896362},"size":11.717884063720704,"orthographic":false}