{"cameraMode":{"drawMode":0,"name":"Shaded","section":"Shading Mode"},"sceneLighting":true,"audioPlay":false,"sceneViewState":{"m_AlwaysRefresh":false,"showFog":true,"showSkybox":true,"showFlares":true,"showImageEffects":true,"showParticleSystems":true,"showVisualEffectGraphs":true,"m_FxEnabled":true},"in2DMode":false,"pivot":{"x":1.9765363931655884,"y":0.6453133821487427,"z":9.443358421325684},"rotation":{"x":-0.11703880876302719,"y":-0.005364835727959871,"z":0.0006334625068120658,"w":-0.9931114912033081},"size":26.98554229736328,"orthographic":false}