{"cameraMode":{"drawMode":0,"name":"Shaded","section":"Shading Mode"},"sceneLighting":true,"audioPlay":false,"sceneViewState":{"m_AlwaysRefresh":false,"showFog":true,"showSkybox":true,"showFlares":true,"showImageEffects":true,"showParticleSystems":true,"showVisualEffectGraphs":true,"m_FxEnabled":true},"in2DMode":false,"pivot":{"x":1.5866384506225587,"y":-0.03151565417647362,"z":12.611580848693848},"rotation":{"x":-0.20427343249320985,"y":0.028480101376771928,"z":-0.005944742821156979,"w":-0.9784821271896362},"size":35.600128173828128,"orthographic":false}